stari_url,nova_putanja,tip,naziv,napomena
https://meva.rs/blog/,/blog,page,Blog,aktuelni
https://meva.rs/faq/,/faq,page,FAQ,aktuelni
https://meva.rs/kategorija-proizvoda/ekcem/,/kategorija/ekcem,kategorija,Ekcem,aktuelni
https://meva.rs/kategorija-proizvoda/kosa/,/kategorija/kosa,kategorija,Kosa,aktuelni
https://meva.rs/kategorija-proizvoda/preparati-za-lice/,/kategorija/preparati-za-lice,kategorija,Nega kože,aktuelni
https://meva.rs/kategorija-proizvoda/psorijaza/,/kategorija/psorijaza,kategorija,Psorijaza,aktuelni
https://meva.rs/kategorija-proizvoda/seboreja/,/kategorija/seboreja,kategorija,Seboreja,aktuelni
https://meva.rs/kategorija-proizvoda/set-za-rozaceu/,/kategorija/set-za-rozaceu,kategorija,Set za rozaceu,aktuelni
https://meva.rs/kategorija-proizvoda/setovi/,/kategorija/setovi,kategorija,Setovi,aktuelni
https://meva.rs/kategorija-proizvoda/uncategorized/,/kategorija/uncategorized,kategorija,Uncategorized,aktuelni
https://meva.rs/kontakt/,/kontakt,page,Kontakt,aktuelni
https://meva.rs/korpa/,/korpa,page,Korpa,aktuelni
https://meva.rs/moj-nalog/,/moj-nalog,page,Moj nalog,aktuelni
https://meva.rs/naplata/,/naplata,page,Naplata,aktuelni
https://meva.rs/o-nama/,/o-nama,page,O nama,aktuelni
https://meva.rs/otkrijte-tajnu-savrsene-koze-moc-vitamina-c-u-nasem-serumu/,/blog/otkrijte-tajnu-savrsene-koze-moc-vitamina-c-u-nasem-serumu,post,Otkrijte Tajnu Savršene Kože: Moć Vitamina C u Našem Serumu,aktuelni
https://meva.rs/prirodna-revolucija-kako-nas-sampon-za-oporavak-kose-menja-pravila-igre/,/blog/prirodna-revolucija-kako-nas-sampon-za-oporavak-kose-menja-pravila-igre,post,Prirodna Revolucija: Kako Naš Šampon za Oporavak Kose Menja Pravila Igre,aktuelni
https://meva.rs/prodavnica/,/prodavnica,page,Prodavnica,aktuelni
https://meva.rs/proizvod/17041/,/proizvod/derma-roler,product,Derma roler,stari slug
https://meva.rs/proizvod/acne-stop/,/proizvod/krema-protiv-akni,product,Krema protiv akni (50ml),stari slug
https://meva.rs/proizvod/biljne-vaginalete-20gr/,/proizvod/biljne-vaginalete-20gr,product,Biljne vaginalete (20gr),aktuelni
https://meva.rs/proizvod/caj-za-miome-i-ciste/,/proizvod/caj-za-miome-i-ciste,product,Čaj za miome i ciste,aktuelni
https://meva.rs/proizvod/caj-za-mrsavljenje/,/proizvod/caj-za-mrsavljenje,product,Čaj za mršavljenje,aktuelni
https://meva.rs/proizvod/caj-za-probavu/,/proizvod/caj-za-probavu,product,Čaj za probavu,aktuelni
https://meva.rs/proizvod/caj-za-produktivni-kasalj/,/proizvod/caj-za-produktivni-kasalj,product,Čaj za produktivni kašalj,aktuelni
https://meva.rs/proizvod/caj-za-suvi-kasalj/,/proizvod/caj-za-suvi-kasalj,product,Čaj za suvi kašalj,aktuelni
https://meva.rs/proizvod/caj-za-urinarne-infekcije/,/proizvod/caj-za-urinarne-infekcije,product,Čaj za urinarne infekcije,aktuelni
https://meva.rs/proizvod/derma-roler/,/proizvod/derma-roler,product,Derma roler,aktuelni
https://meva.rs/proizvod/detox-caj/,/proizvod/detox-caj,product,Detox čaj,aktuelni
https://meva.rs/proizvod/dnevna-krema-za-ekcem/,/proizvod/dnevna-krema-za-ekcem,product,Dnevna krema za ekcem (50ml),aktuelni
https://meva.rs/proizvod/dnevna-krema-za-rozaceu/,/proizvod/dnevna-krema-za-rozaceu,product,Dnevna krema za rozaceu (50ml),aktuelni
https://meva.rs/proizvod/dnevni-losion-protiv-akni-100ml/,/proizvod/dnevni-losion-protiv-akni-100ml,product,Dnevni losion protiv akni (100ml),aktuelni
https://meva.rs/proizvod/family-melem-50ml/,/proizvod/family-melem-50ml,product,Family melem (50ml),aktuelni
https://meva.rs/proizvod/gel-za-bolne-i-umorne-noge-150ml/,/proizvod/gel-za-bolne-i-umorne-noge-150ml,product,Gel za bolne i umorne noge (150ml),aktuelni
https://meva.rs/proizvod/hijaluronska-krema-sa-vitaminom-e/,/proizvod/hijaluronska-krema-sa-vitaminom-e,product,Hijaluronska krema (40ml),aktuelni
https://meva.rs/proizvod/hyalu-e-serum/,/proizvod/hyalu-e-serum,product,Hyaluronic +E serum,aktuelni
https://meva.rs/proizvod/hyaluronic-e-cream/,/proizvod/hijaluronska-krema-sa-vitaminom-e,product,Hijaluronska krema (40ml),stari slug
https://meva.rs/proizvod/hyaluronic-e-serum/,/proizvod/hijaluronska-krema-sa-vitaminom-e,product,Hijaluronska krema (40ml),stari slug
https://meva.rs/proizvod/imuno-caj/,/proizvod/imuno-caj,product,Imuno čaj,aktuelni
https://meva.rs/proizvod/keratin-regenerator/,/proizvod/keratin-regenerator,product,Keratin regenerator,aktuelni
https://meva.rs/proizvod/krema-protiv-akni/,/proizvod/krema-protiv-akni,product,Krema protiv akni (50ml),aktuelni
https://meva.rs/proizvod/krema-protiv-bora-50ml/,/proizvod/krema-protiv-bora-50ml,product,Krema protiv bora,aktuelni
https://meva.rs/proizvod/krema-protiv-gljivica-dan-50ml/,/proizvod/krema-protiv-gljivica-dan-50ml,product,Krema protiv gljivica - dan (50ml),aktuelni
https://meva.rs/proizvod/krema-protiv-gljivica-noc-50ml/,/proizvod/krema-protiv-gljivica-noc-50ml,product,Krema protiv gljivica - noć (50ml),aktuelni
https://meva.rs/proizvod/krema-za-pete-i-stopala/,/proizvod/krema-za-pete-i-stopala,product,Krema za pete i stopala (50ml),aktuelni
https://meva.rs/proizvod/krema-za-psorijazu-dan/,/proizvod/krema-za-psorijazu-dan,product,Krema za psorijazu - dan (50ml),aktuelni
https://meva.rs/proizvod/krema-za-psorijazu-noc/,/proizvod/krema-za-psorijazu-noc,product,Krema za psorijazu - noć (50ml),aktuelni
https://meva.rs/proizvod/krema-za-psorijazu/,/proizvod/krema-za-psorijazu-noc,product,Krema za psorijazu - noć (50ml),stari slug
https://meva.rs/proizvod/krema-za-seboreju-dan/,/proizvod/krema-za-seboreju-dan,product,Dnevna krema za seboreju (50ml),aktuelni
https://meva.rs/proizvod/krema-za-seboreju-noc/,/proizvod/krema-za-seboreju-noc,product,Noćna krema za seboreju (50ml),aktuelni
https://meva.rs/proizvod/kupka-za-telo-200ml/,/proizvod/kupka-za-telo-200ml,product,Kupka za telo (200ml),aktuelni
https://meva.rs/proizvod/losion-protiv-akni-dan/,/proizvod/losion-protiv-akni-dan,product,Losion protiv akni (100ml),aktuelni
https://meva.rs/proizvod/losion-protiv-akni-noc/,/proizvod/losion-protiv-akni-noc,product,Losion protiv akni noć,aktuelni
https://meva.rs/proizvod/losion-protiv-akni/,/proizvod/losion-protiv-akni-dan,product,Losion protiv akni (100ml),stari slug
https://meva.rs/proizvod/losion-za-brzi-rast-kose-100ml/,/proizvod/losion-za-brzi-rast-kose-100ml,product,Losion za brži rast kose,aktuelni
https://meva.rs/proizvod/losion-za-seboreicni-dermatitis/,/proizvod/losion-za-seboreicni-dermatitis,product,Losion za seboroični dermatitis (100ml),aktuelni
https://meva.rs/proizvod/marmelada-za-suncanje-350ml/,/proizvod/marmelada-za-suncanje-350ml,product,Marmelada za sunčanje (350ml),aktuelni
https://meva.rs/proizvod/melem-za-virusne-bradavice-i-kurje-oko-15ml/,/proizvod/melem-za-virusne-bradavice-i-kurje-oko-15ml,product,Melem za virusne bradavice i kurje oko (15ml),aktuelni
https://meva.rs/proizvod/meva-melem-50ml/,/proizvod/meva-melem-50ml,product,Meva melem (50ml),aktuelni
https://meva.rs/proizvod/mleko-za-skidanje-sminke/,/proizvod/mleko-za-skidanje-sminke,product,Mleko za skidanje šminke (100ml),aktuelni
https://meva.rs/proizvod/mleko-za-telo-2/,/proizvod/mleko-za-telo-2,product,Mleko za telo,aktuelni
https://meva.rs/proizvod/mleko-za-telo/,/proizvod/losion-protiv-akni-dan,product,Losion protiv akni (100ml),stari slug
https://meva.rs/proizvod/n3-vita-vitaminski-serum/,/proizvod/n3-vita-vitaminski-serum,product,N3 Vita - vitaminski serum,aktuelni
https://meva.rs/proizvod/nocna-krema-za-ekcem/,/proizvod/nocna-krema-za-ekcem,product,Noćna krema za ekcem (50ml),aktuelni
https://meva.rs/proizvod/nocna-krema-za-rozaceu/,/proizvod/nocna-krema-za-rozaceu,product,Noćna krema za rozaceu (50ml),aktuelni
https://meva.rs/proizvod/nocni-losion-protiv-akni-100ml/,/proizvod/nocni-losion-protiv-akni-100ml,product,Noćni losion protiv akni (100ml),aktuelni
https://meva.rs/proizvod/nocni-serum-za-rozaceu/,/proizvod/nocni-serum-za-rozaceu,product,Serum za rozaceu,aktuelni
https://meva.rs/proizvod/retinolb3-serum/,/proizvod/retinolb3-serum,product,Retinol+B3 serum,aktuelni
https://meva.rs/proizvod/ricinusovo-ulje/,/proizvod/ricinusovo-ulje,product,Ricinusovo ulje,aktuelni
https://meva.rs/proizvod/sampon-za-kosu-200ml/,/proizvod/sampon-za-kosu-200ml,product,Šampon za kosu (200ml),aktuelni
https://meva.rs/proizvod/sapun-od-aktivnog-uglja/,/proizvod/sapun-od-aktivnog-uglja,product,Sapun od aktivnog uglja (100gr),aktuelni
https://meva.rs/proizvod/serum-za-krajeve-kose-30ml/,/proizvod/serum-za-krajeve-kose-30ml,product,Serum za krajeve kose 30ml,aktuelni
https://meva.rs/proizvod/set-protiv-akni-i-flekica/,/proizvod/set-protiv-akni-i-flekica,product,Set protiv akni i flekica,aktuelni
https://meva.rs/proizvod/set-protiv-bora/,/proizvod/set-protiv-bora,product,Set protiv bora,aktuelni
https://meva.rs/proizvod/set-protiv-opadanja-i-regeneracije-ostecene-kose/,/proizvod/set-protiv-opadanja-i-regeneracije-ostecene-kose,product,Set protiv opadanja i regeneracije ostecene kose,aktuelni
https://meva.rs/proizvod/set-protiv-opadanja-kose-sa-manjim-uljem-kopiraj/,/proizvod/set-za-psorijazu-za-kozu-glave-i-tela,product,Set za psorijazu za kozu glave I tela,stari slug
https://meva.rs/proizvod/set-protiv-opadanja-kose-sa-manjim-uljem/,/proizvod/set-protiv-opadanja-kose-sa-manjim-uljem,product,Set protiv opadanja kose sa manjim uljem,aktuelni
https://meva.rs/proizvod/set-protiv-opadanja-kose-sa-vecim-uljem/,/proizvod/set-protiv-opadanja-kose-sa-vecim-uljem,product,Set protiv opadanja kose sa većim uljem,aktuelni
https://meva.rs/proizvod/set-za-bolne-i-umorne-noge/,/proizvod/set-za-bolne-i-umorne-noge,product,Set za bolne i umorne noge,aktuelni
https://meva.rs/proizvod/set-za-ekcem-po-telu/,/proizvod/set-za-ekcem-po-telu,product,Set za ekcem po telu,aktuelni
https://meva.rs/proizvod/set-za-psorijazu-za-kozu-glave-i-tela/,/proizvod/set-za-psorijazu-za-kozu-glave-i-tela,product,Set za psorijazu za kozu glave I tela,aktuelni
https://meva.rs/proizvod/set-za-psorijazu-za-kozu-glave/,/proizvod/set-za-psorijazu-za-kozu-glave,product,Set za psorijazu za kožu glave,aktuelni
https://meva.rs/proizvod/set-za-psorijazu-za-telo/,/proizvod/set-za-psorijazu-za-telo,product,Set za psorijazu za telo,aktuelni
https://meva.rs/proizvod/set-za-rozaceu/,/proizvod/set-za-rozaceu,product,Set za rozaceu,aktuelni
https://meva.rs/proizvod/set-za-seboreju-sa-manjim-uljem/,/proizvod/set-za-seboreju-sa-manjim-uljem,product,Set za seboreju sa manjim uljem,aktuelni
https://meva.rs/proizvod/set-za-seboreju-sa-vecim-uljem/,/proizvod/set-za-seboreju-sa-vecim-uljem,product,Set za seboreju sa većim uljem,aktuelni
https://meva.rs/proizvod/set-za-seboreju-za-kosu-i-lice/,/proizvod/set-za-seboreju-za-kosu-i-lice,product,Set za seboreju za kosu i lice,aktuelni
https://meva.rs/proizvod/set-za-suncanje/,/proizvod/set-za-suncanje,product,Set za sunčanje,aktuelni
https://meva.rs/proizvod/supozitorije-za-hemoroide-20gr/,/proizvod/supozitorije-za-hemoroide-20gr,product,Supozitorije za hemoroide (20gr),aktuelni
https://meva.rs/proizvod/the-body-butter/,/proizvod/the-body-butter,product,Body butter (50ml),aktuelni
https://meva.rs/proizvod/ulje-protiv-bolova-200ml/,/proizvod/ulje-protiv-bolova-200ml,product,Ulje protiv bolova (200ml),aktuelni
https://meva.rs/proizvod/ulje-za-psorijazu-50ml/,/proizvod/ulje-za-psorijazu-50ml,product,Ulje za seboreju (50ml),aktuelni
https://meva.rs/proizvod/ulje-za-rast-obrva-i-trepavica-100ml/,/proizvod/ulje-za-rast-obrva-i-trepavica-100ml,product,"Ulje za kosu, obrve i trepavice 100ml",aktuelni
https://meva.rs/proizvod/ulje-za-rast-obrva-i-trepavica-50ml/,/proizvod/ulje-za-rast-obrva-i-trepavica-50ml,product,Ulje za kosu i obrve 50ml,aktuelni
https://meva.rs/proizvod/ulje-za-skidanje-sminke/,/proizvod/ulje-za-skidanje-sminke,product,Ulje za skidanje šminke (100ml),aktuelni
https://meva.rs/proizvod/ulje-za-suncanje-200ml/,/proizvod/ulje-za-suncanje-200ml,product,Ulje za sunčanje (200ml),aktuelni
https://meva.rs/proizvod/ulje-za-vene-200ml/,/proizvod/ulje-za-vene-200ml,product,Ulje za vene (200ml),aktuelni
https://meva.rs/proizvod/vitaminski-serum-30ml/,/proizvod/hyalu-e-serum,product,Hyaluronic +E serum,stari slug
https://meva.rs/proizvod/zastita-kose-od-toplote/,/proizvod/zastita-kose-od-toplote,product,Zaštita kose od toplote,aktuelni
https://meva.rs/proizvod/zlatna-krema-40ml/,/proizvod/zlatna-krema-40ml,product,Zlatna krema (40ml),aktuelni
https://meva.rs/skincare/,/skincare,page,Početna,aktuelni
https://meva.rs/zasto-je-prirodna-kozmetika-must-have-u-vasoj-dnevnoj-ruti/,/blog/zasto-je-prirodna-kozmetika-must-have-u-vasoj-dnevnoj-ruti,post,Zašto je Prirodna Kozmetika Must-Have u Vašoj Dnevnoj Ruti,aktuelni
